,required,required,required,required,required,required,required,required,required,required,required,required,required,required,required
,uint32,uint32,uint32,string,string,string,float,float,float,uint32,uint32,float,uint32,uint32,string
,id,levelId,pathId,position,rotation,safePos,patrolSpeed,fightDistance,triggerDistance,triggerAngle,noColor,attack_radius,patrolMinStayTime,patrolMaxStayTime,paths
备注,id,场景ID,路径ID,坐标,角度,英雄安全点,巡逻速度,战斗距离,触发距离,触发角度,视野颜色0可见1不可见,偷袭距离,巡逻最小停留时间,巡逻最大停留时间,路径
,3137001,3137,1,"-0.590456,0.058,44.73425","0,-70,0","-4.43,0.06,33.37",0.5,7,7,80,0,0,5000,5000,"-0.5904,0.02,45.7342;-18.5148,0.02,52.0846"
,3137002,3137,2,"-8.97,0.02,60","0,-180,0","-4.43,0.06,33.37",0.5,7,7,80,0,0,5000,5000,"-7.97,0.02,60;-7.97,0.02,41"
,3137003,3137,3,"-15.532,0.02,78.533","0,49.08,0","-4.43,0.06,33.37",0.5,7,7,80,0,0,3000,3000,"-14.532,0.02,78.533;-5.869,0.02,85.468;2.04,0.02,80.116"
,3137005,3137,5,"34.36,0.02,84.158","0,-130.9,0","-4.43,0.06,33.37",0.5,7,7,80,0,0,3000,3000,"33.36,0.02,84.158;25.02,0.02,74.99"
,3137006,3137,6,"40.98,0.07,104.03","0,139.08,0","37.9655,0.02,91.70",0.5,7,7,80,0,0,5000,5000,"41.98,0.02,104.03;49.99,0.02,98.01;57,0.02,105.99"
,3137007,3137,7,"59.01,0.02,101.93","0,-130.9,0","37.9655,0.02,91.70",0.5,7,7,80,0,0,5000,5000,"58.01,0.02,101.93;50.01,0.02,108.02;43.0893,0.02,100.01"
