,required,required,required,required,required,required,required,required,required,required,required,required,required,required,required
,uint32,uint32,uint32,string,string,string,float,float,float,uint32,uint32,float,uint32,uint32,string
,id,levelId,pathId,position,rotation,safePos,patrolSpeed,fightDistance,triggerDistance,triggerAngle,noColor,attack_radius,patrolMinStayTime,patrolMaxStayTime,paths
备注,id,场景ID,路径ID,坐标,角度,英雄安全点,巡逻速度,战斗距离,触发距离,触发角度,视野颜色0可见1不可见,偷袭距离,巡逻最小停留时间,巡逻最大停留时间,路径
,3138001,3138,1,"68.87,-9.29,6.97","0,229.08,0","59.07,-9.15,6.914",0.5,7,7,80,0,0,2000,2000,"68.87,-9.29,6.47;59.07,-9.29,-4.44"
,3138002,3138,2,"64.59,-9.294,-7.06","0,49.08,0","59.07,-9.15,6.914",0.5,7,7,80,0,0,2000,2000,"64.59,-9.29,-6.56;74.45926,-9.29,4.28"
,3138003,3138,3,"43.08,-9.052032,-6.64","0,0,0","59.97,-9.28,5.22",1,7,7,80,0,0,2000,2000,"42.585,-9.059,-6.191;42.585,-9.059,-6.191;42.585,-9.059,-6.191;42.585,-9.059,-6.191;42.585,-9.059,-6.191;"
,3138004,3138,4,"46.06,-8.92,-6.51","0,157.52,0","59.07,-9.15,6.914",0.5,7,5,80,0,0,0,0,"45.06,-8.92,-6.51;44.02,-8.95,-9.81;41.253,-8.92,-11.703;38.471,-9.04,-12.976;36.1102,-7.938,-12.8625;33.734,-7.964,-10.681;32.96,-7.964,-6.365;34.78,-7.9169,-4.2046;37.09,-9.046,-3.679;39.86,-8.927,-3.178;42.87,-8.94,-3.603"
,3138005,3138,5,"83.01,-9.189,38.179","0,319.08,0","84.775,-7.99,19.07",0.25,2,10,360,0,0,2000,2000,
,3138006,3138,6,"92.133,-9.162,35.57","0,49.08,0","84.775,-7.99,19.07",0.25,2,12,360,0,0,2000,2000,
